Name,"User Type","Event Name","Event Participant Certification Name","Created at"
"Ankit Katiyar",organiser,"Fit India Week 2024",,"2025-01-03 15:36:05"
"Ankit Katiyar",participant,"Fit India Week 2024",Katiyar,"2025-01-03 15:36:08"
"Ankit Katiyar",organiser,"Fit India Week 2024",,"2025-01-03 17:02:45"
"Ankit Katiyar",organiser,"Fit India Week 2024",,"2025-01-03 17:05:07"
"Ankit Katiyar",organiser,"Fit India Week 2024",,"2025-01-03 17:08:32"
"Ankit Katiyar",organiser,"Fit India Week 2024",,"2025-01-03 17:09:25"
"Ankit Katiyar",organiser,"Fit India Week 2024",,"2025-01-03 17:09:41"
"Ankit Katiyar",organiser,"Fit India Week 2024",,"2025-01-03 17:09:54"
"Ankit Katiyar",organiser,"Fit India Week 2024",,"2025-01-03 17:10:34"
"Ankit Katiyar",organiser,"Fit India Week 2024",,"2025-01-03 17:10:40"
"Ankit Katiyar",organiser,"Fit India Week 2024",,"2025-01-03 17:11:47"
"Ankit Katiyar",organiser,"Fit India Week 2024",,"2025-01-03 17:12:09"
"Ankit Katiyar",organiser,"Fit India Week 2024",,"2025-01-03 17:12:47"
"Ankit Katiyar",organiser,"Fit India Week 2024",,"2025-01-03 17:16:45"
"Ankit Katiyar",organiser,"Fit India Week 2024",,"2025-01-03 17:17:35"
"Ankit Katiyar",organiser,"Fit India Week 2024",,"2025-01-03 17:17:40"
"Ankit Katiyar",organiser,"Fit India Week 2024",,"2025-01-03 17:17:43"
"Ankit Katiyar",organiser,"Fit India Week 2024",,"2025-01-03 17:17:43"
"Ankit Katiyar",organiser,"Fit India Week 2024",,"2025-01-03 17:17:43"
"Ankit Katiyar",organiser,"Fit India Week 2024",,"2025-01-03 17:17:44"
"Ankit Katiyar",organiser,"Fit India Week 2024",,"2025-01-03 17:17:44"
"Ankit Katiyar",organiser,"Fit India Week 2024",,"2025-01-03 17:17:44"
"Ankit Katiyar",organiser,"Fit India Week 2024",,"2025-01-03 17:17:44"
"Ankit Katiyar",organiser,"Fit India Week 2024",,"2025-01-03 17:17:45"
"Ankit Katiyar",organiser,"Fit India Week 2024",,"2025-01-03 17:17:45"
"Ankit Katiyar",organiser,"Fit India Week 2024",,"2025-01-03 17:17:45"
"Ankit Katiyar",organiser,"Fit India Week 2024",,"2025-01-03 17:17:45"
"Ankit Katiyar",organiser,"Fit India Week 2024",,"2025-01-03 17:17:50"
"Ankit Katiyar",organiser,"Fit India Week 2024",,"2025-01-03 17:17:52"
"Ankit Katiyar",organiser,"Fit India Week 2024",,"2025-01-03 17:18:27"
"Ankit Katiyar",organiser,"Fit India Week 2024",,"2025-01-03 17:18:38"
"Ankit Katiyar",organiser,"Fit India Week 2024",,"2025-01-03 17:19:00"
"Ankit Katiyar",organiser,"Fit India Week 2024",,"2025-01-03 17:19:38"
"Ankit Katiyar",organiser,"Fit India Week 2024",,"2025-01-03 17:19:45"
"Ankit Katiyar",organiser,"Fit India Week 2024",,"2025-01-03 17:21:45"
"Ankit Katiyar",organiser,"Fit India Week 2024",,"2025-01-03 17:21:51"
"Ankit Katiyar",organiser,"Fit India Week 2024",,"2025-01-03 17:21:57"
"Ankit Katiyar",organiser,"Fit India Week 2024",,"2025-01-03 17:22:02"
"Ankit Katiyar",organiser,"Fit India Week 2024",,"2025-01-03 17:22:18"
"Ankit Katiyar",organiser,"Fit India Week 2024",,"2025-01-03 17:24:02"
"Ankit Katiyar",organiser,"Fit India Week 2024",,"2025-01-03 17:24:24"
"Ankit Katiyar",organiser,"Fit India Week 2024",,"2025-01-03 17:26:12"
"Ankit Katiyar",organiser,"Fit India Week 2024",,"2025-01-03 17:27:55"
"Ankit Katiyar",organiser,"Fit India Week 2024",,"2025-01-03 17:28:34"
"Ankit Katiyar",organiser,"Fit India Week 2024",,"2025-01-03 17:28:53"
"Ankit Katiyar",organiser,"Fit India Week 2024",,"2025-01-03 17:29:04"
"Ankit Katiyar",organiser,"Fit India Week 2024",,"2025-01-03 17:29:47"
"Ankit Katiyar",organiser,"Fit India Week 2024",,"2025-01-03 17:30:05"
"Ankit Katiyar",organiser,"Fit India Week 2024",,"2025-01-03 17:31:31"
"Ankit Katiyar",organiser,"Fit India Week 2024",,"2025-01-03 18:06:01"
"Ankit Katiyar",organiser,"Fit India Week 2024",,"2025-01-06 11:10:08"
"Ankit Katiyar",participant,"Fit India Week 2024",Katiyar,"2025-01-06 11:10:17"
"Ankit Katiyar",participant,"Fit India Week 2024",Bunty,"2025-01-06 11:10:48"
"Ankit Katiyar",organiser,"Fit India Cyclothon",,"2025-01-06 11:54:42"
"Ankit Katiyar",organiser,"Fit India Cyclothon",,"2025-01-06 12:00:18"
"Ankit Katiyar",organiser,"Fit India Cyclothon",,"2025-01-06 12:01:32"
"Ankit Katiyar",organiser,"Fit India Cycling Drive",,"2025-01-07 14:57:39"
"Ankit Katiyar",mobile,"Fit India Cycling Drive",,"2025-01-30 15:02:32"
"Ankit Katiyar",mobile,"Fit India Cycling Drive",,"2025-01-30 15:12:53"
"Ankit Katiyar",mobile,"Fit India Cycling Drive",,"2025-01-30 15:16:54"
"Ankit Katiyar",mobile,"Fit India Cycling Drive",,"2025-02-03 16:31:10"
"Ankit Katiyar",mobile,"Fit India Cycling Drive",,"2025-02-03 16:31:21"
"Ankit Katiyar",mobile,"Fit India Cycling Drive",,"2025-02-03 17:45:47"
"Ankit Katiyar",mobile,"Fit India Cycling Drive",,"2025-02-03 17:46:14"
"Ankit Katiyar sai",mobile,"Fit India Cycling Drive",,"2025-02-07 19:34:43"
"Ankit Katiyar",organiser,"Fit India Women's Week",,"2025-03-03 14:59:01"
"Ankit Katiyar",organiser,"Fit India Women's Week",,"2025-03-03 15:00:14"
"Ankit Katiyar",participant,"Fit India Women's Week","Vikas kumar","2025-03-03 15:02:10"
"Ankit Katiyar",participant,"Fit India Women's Week","Vikas kumar","2025-03-03 15:03:54"
"Ankit Katiyar",participant,"Fit India Women's Week","Vikas kumar","2025-03-03 15:06:01"
"Ankit Katiyar",participant,"Fit India Women's Week","Vikas kumar","2025-03-03 15:06:58"
"Ankit Katiyar",participant,"Fit India Women's Week","Vikas kumar","2025-03-03 15:07:33"
"Ankit Katiyar",organiser,"Fit India Women's Week",,"2025-03-03 15:08:22"
"Ankit Katiyar",organiser,"Fit India Women's Week",,"2025-03-03 15:09:36"
"Ankit Katiyar",organiser,"Fit India Women's Week",,"2025-03-03 15:11:21"
"Ankit Katiyar",organiser,"Fit India Women's Week",,"2025-03-03 15:30:40"
"Ankit Katiyar",participant,"Fit India Women's Week","Vikas kumar","2025-03-03 15:30:46"
"Ankit Katiyar",participant,"Fit India Women's Week","Vikas kumar","2025-03-03 15:32:23"
Ankit,organiser,"Namo Fit India Youth Club",,"2025-03-17 17:04:06"
Ankit,participant,"Namo Fit India Youth Club","XXXX XXXXX","2025-03-17 17:04:18"
Ankit,organiser,"Namo Fit India Youth Club",,"2025-03-17 17:06:13"
Ankit,participant,"Namo Fit India Youth Club","XXXX XXXXX","2025-03-17 17:07:40"
Ankit,participant,"Namo Fit India Youth Club","XXXX XXXXX","2025-03-17 17:15:54"
Ankit,participant,"Namo Fit India Youth Club","XXXX XXXXX","2025-03-17 17:16:48"
Ankit,organiser,"Namo Fit India Youth Club",,"2025-03-17 17:21:00"
"Ankit Katiyar YC",organiser,"Namo Fit India Youth Club",,"2025-03-19 14:02:34"
"Ankit Katiyar YC",organiser,"Namo Fit India Youth Club",,"2025-03-19 14:07:28"
"Ankit Katiyar YC",organiser,"Namo Fit India Youth Club",,"2025-03-19 14:08:37"
"Ankit Katiyar YC",organiser,"Namo Fit India Youth Club",,"2025-03-19 14:09:11"
"Ankit Katiyar YC",organiser,"Namo Fit India Youth Club",,"2025-03-19 14:13:13"
"Ankit Katiyar YC",organiser,"Namo Fit India Youth Club",,"2025-03-19 14:14:29"
"Ankit Katiyar YC",organiser,"Namo Fit India Youth Club",,"2025-03-19 14:18:38"
"Ankit Katiyar YC",participant,"Namo Fit India Youth Club","Rohan Singh","2025-03-19 14:19:21"
"Ankit Katiyar YC",participant,"Namo Fit India Youth Club","Rohan Singh","2025-03-19 14:20:36"
"Ankit Katiyar YC",participant,"Namo Fit India Youth Club","Rohan Singh","2025-03-19 14:21:08"
"Ankit Katiyar YC",organiser,"Namo Fit India Youth Club",,"2025-03-19 14:22:52"
"Ankit Katiyar YC",participant,"Namo Fit India Youth Club","Rohan Singh","2025-03-19 14:23:02"
"Ankit Katiyar YC",organiser,"Namo Fit India Youth Club",,"2025-03-19 14:24:17"
"Ankit Katiyar YC",organiser,"Namo Fit India Youth Club",,"2025-03-19 14:24:52"
"Ankit Katiyar YC",organiser,"Namo Fit India Youth Club",,"2025-03-19 14:25:20"
"Ankit Katiyar YC",participant,"Namo Fit India Youth Club","Rohan Singh","2025-03-19 14:25:37"
"Ankit Katiyar YC",organiser,"Namo Fit India Youth Club",,"2025-03-19 14:26:23"
"Ankit Katiyar YC",participant,"Namo Fit India Youth Club","Rohan Singh","2025-03-19 14:26:28"
"Ankit Katiyar YC",organiser,"Namo Fit India Youth Club",,"2025-03-19 15:37:34"
"Ankit Katiyar YC",participant,"Namo Fit India Youth Club","Rohan Singh","2025-03-19 15:37:49"
"Ankit Katiyar",organiser,"Fit India Cycling Drive",,"2025-03-26 16:11:44"
"Ankit Katiyar from sai","Ankit Katiyar from sai",,,"2025-03-26 17:00:51"
"Ankit Katiyar from sai",registration-certificate,,,"2025-03-26 17:12:48"
"Ankit Katiyar from sai",registration-certificate,,,"2025-03-26 17:13:24"
"Ankit Katiyar from sai",registration-certificate,,,"2025-03-26 17:14:00"
"ankit sai",registration-certificate,,,"2025-03-26 17:31:41"
"Ankit Katiyar from sai",registration-certificate,,,"2025-03-26 17:39:14"
"Ankit Katiyar from sai",registration-certificate,,,"2025-03-26 17:47:52"
"Ankit Katiyar from sai",registration-certificate,,,"2025-03-26 17:48:21"
"Ankit Katiyar from sai",registration-certificate,,,"2025-03-26 17:48:43"
"Ankit Katiyar from sai",registration-certificate,,,"2025-03-26 17:49:01"
"Ankit Katiyar from sai",registration-certificate,,,"2025-03-26 17:49:15"
"Ankit Katiyar from sai",registration-certificate,,,"2025-03-26 17:49:27"
"Ankit Katiyar from sai",registration-certificate,,,"2025-03-26 17:50:01"
"puja Mehta",registration-certificate,,,"2025-03-26 17:56:31"
ankit,registration-certificate,,,"2025-03-27 10:56:54"
ankit,registration-certificate,,,"2025-03-27 10:58:35"
ankit,registration-certificate,,,"2025-03-27 10:59:00"
ankit,registration-certificate,,,"2025-03-27 10:59:01"
ankit,registration-certificate,,,"2025-03-27 11:01:12"
bunny13,registration-certificate,,,"2025-03-27 12:16:10"
bunny13,registration-certificate,,,"2025-03-27 12:38:51"
"ankit sai",registration-certificate,,,"2025-03-27 12:53:39"
asdfasdfasdf,registration-certificate,,,"2025-03-27 14:41:56"
Fitindia,organiser,"Fit India Cycling Drive",,"2025-06-23 16:04:58"
Fitindia,participant,"Fit India Cycling Drive",Vikas,"2025-06-23 16:05:07"
"Ankit Katiyar from sai",organiser,"Fit India Cycling Drive",,"2025-06-23 16:46:28"
"Ankit Katiyar from sai",participant,"Fit India Cycling Drive",Ram,"2025-06-23 16:46:45"
"Ankit Katiyar from sai",participant,"Fit India Cycling Drive",Ram,"2025-06-23 16:50:45"
"Ankit Katiyar from sai",participant,"Fit India Cycling Drive",Ram,"2025-06-23 16:52:46"
"Ankit Katiyar from sai",participant,"Fit India Cycling Drive",Ram,"2025-06-23 16:54:22"
"Ankit Katiyar from sai",participant,"Fit India Cycling Drive",Ram,"2025-06-23 16:54:46"
"Ankit Katiyar from sai",participant,"Fit India Cycling Drive",Ram,"2025-06-23 16:56:28"
"Ankit Katiyar from sai",participant,"Fit India Cycling Drive",Ram,"2025-06-23 16:57:12"
"Ankit Katiyar from sai",participant,"Fit India Cycling Drive",Ram,"2025-06-23 16:58:13"
"Ankit Katiyar from sai",participant,"Fit India Cycling Drive",Ram,"2025-06-23 17:00:07"
"Ankit Katiyar from sai",participant,"Fit India Cycling Drive",Ram,"2025-06-23 17:01:13"
"Ankit Katiyar from sai",participant,"Fit India Cycling Drive",Ram,"2025-06-23 17:02:11"
"Ankit Katiyar from sai",participant,"Fit India Cycling Drive",Ram,"2025-06-23 17:02:43"
"Ankit Katiyar from sai",participant,"Fit India Cycling Drive",Ram,"2025-06-23 17:03:26"
"Ankit Katiyar from sai",participant,"Fit India Cycling Drive",Ram,"2025-06-23 17:08:12"
"Ankit Katiyar from sai",participant,"Fit India Cycling Drive",Ram,"2025-06-23 17:08:57"
"Ankit Katiyar from sai",participant,"Fit India Cycling Drive",Ram,"2025-06-23 17:10:18"
"Ankit Katiyar from sai",participant,"Fit India Cycling Drive",Ram,"2025-06-23 17:11:47"
"Ankit Katiyar from sai",participant,"Fit India Cycling Drive",Ram,"2025-06-23 17:12:18"
"Ankit Katiyar from sai",participant,"Fit India Cycling Drive",Ram,"2025-06-23 17:12:35"
"Ankit Katiyar from sai",participant,"Fit India Cycling Drive",Ram,"2025-06-23 17:13:03"
"Ankit Katiyar from sai",participant,"Fit India Cycling Drive",Ram,"2025-06-23 17:18:15"
"Ankit Katiyar from sai",participant,"Fit India Cycling Drive",Ram,"2025-06-23 17:18:36"
"Ankit Katiyar from sai",participant,"Fit India Cycling Drive",Ram,"2025-06-23 17:18:56"
"Ankit Katiyar from sai",participant,"Fit India Cycling Drive",Ram,"2025-06-23 17:19:47"
"Ankit Katiyar from sai",participant,"Fit India Cycling Drive",Ram,"2025-06-23 17:21:04"
"Ankit Katiyar from sai",participant,"Fit India Cycling Drive",Ram,"2025-06-23 17:21:59"
"Ankit Katiyar from sai",participant,"Fit India Cycling Drive",Ram,"2025-06-23 17:22:44"
"Ankit Katiyar from sai",participant,"Fit India Cycling Drive",Ram,"2025-06-23 17:23:18"
"Ankit Katiyar from sai",participant,"Fit India Cycling Drive",Ram,"2025-06-23 17:23:46"
"Ankit Katiyar from sai",participant,"Fit India Cycling Drive",Ram,"2025-06-23 17:24:32"
"Ankit Katiyar from sai",participant,"Fit India Cycling Drive",Ram,"2025-06-23 17:25:29"
"Ankit Katiyar from sai",participant,"Fit India Cycling Drive",Ram,"2025-06-23 17:25:59"
"Ankit Katiyar from sai",participant,"Fit India Cycling Drive",Ram,"2025-06-23 17:26:56"
"Ankit Katiyar from sai",participant,"Fit India Cycling Drive",Ram,"2025-06-23 17:29:17"
"Ankit Katiyar from sai",participant,"Fit India Cycling Drive",Ram,"2025-06-23 17:31:41"
"Ankit Katiyar from sai",participant,"Fit India Cycling Drive",Ram,"2025-06-23 17:32:27"
"Ankit Katiyar from sai",participant,"Fit India Cycling Drive",Ram,"2025-06-23 17:32:55"
"Ankit Katiyar from sai",participant,"Fit India Cycling Drive",Ram,"2025-06-23 17:33:24"
"Ankit Katiyar from sai",participant,"Fit India Cycling Drive",Ram,"2025-06-23 17:34:01"
"Ankit Katiyar from sai",organiser,"Fit India Cycling Drive",,"2025-06-23 17:34:44"
"Ankit Katiyar from sai",participant,"Fit India Cycling Drive",Ram,"2025-06-23 17:35:18"
"Ankit Katiyar from sai",participant,"Fit India Cycling Drive",Ram,"2025-06-23 17:35:47"
"Ankit Katiyar from sai",participant,"Fit India Cycling Drive",Ram,"2025-06-23 17:36:13"
"Ankit Katiyar from sai",participant,"Fit India Cycling Drive",Ram,"2025-06-23 17:38:59"
"Ankit Katiyar from sai",participant,"Fit India Cycling Drive",Ram,"2025-06-23 17:44:32"
"Ankit Katiyar from sai",participant,"Fit India Cycling Drive",Ram,"2025-06-23 17:44:38"
"Ankit Katiyar from sai",participant,"Fit India Cycling Drive",Ram,"2025-06-23 17:45:04"
"Ankit Katiyar from sai",participant,"Fit India Cycling Drive",Ram,"2025-06-23 17:45:12"
"Ankit Katiyar from sai",participant,"Fit India Cycling Drive",Ram,"2025-06-23 17:45:20"
"Ankit Katiyar from sai",participant,"Fit India Cycling Drive",Ram,"2025-06-23 17:45:28"
"Ankit Katiyar from sai",participant,"Fit India Cycling Drive",Ram,"2025-06-23 17:45:36"
"Ankit Katiyar from sai",participant,"Fit India Cycling Drive",Ram,"2025-06-23 17:45:42"
"Ankit Katiyar from sai",participant,"Fit India Cycling Drive",Ram,"2025-06-23 17:45:48"
"Ankit Katiyar from sai",participant,"Fit India Cycling Drive",Ram,"2025-06-23 17:45:52"
"Ankit Katiyar from sai",participant,"Fit India Cycling Drive",Ram,"2025-06-23 17:46:13"
"Ankit Katiyar from sai",participant,"Fit India Cycling Drive",Ram,"2025-06-23 17:47:19"
"Ankit Katiyar from sai",participant,"Fit India Cycling Drive",Ram,"2025-06-23 17:47:40"
"Ankit Katiyar from sai",participant,"Fit India Cycling Drive",Ram,"2025-06-23 17:47:57"
"Ankit Katiyar from sai",participant,"Fit India Cycling Drive",Ram,"2025-06-23 17:49:34"
"Ankit Katiyar from sai",participant,"Fit India Cycling Drive",Ram,"2025-06-23 17:50:54"
"Ankit Katiyar from sai",participant,"Fit India Cycling Drive",Ram,"2025-06-23 17:51:41"
"Ankit Katiyar from sai",participant,"Fit India Cycling Drive",Ram,"2025-06-23 17:54:54"
"Ankit Katiyar from sai",participant,"Fit India Cycling Drive",Ram,"2025-06-23 17:55:23"
"Ankit Katiyar from sai",participant,"Fit India Cycling Drive",Ram,"2025-06-23 17:59:42"
"Ankit Katiyar from sai",participant,"Fit India Cycling Drive",Ram,"2025-06-23 18:00:00"
"Ankit Katiyar from sai",participant,"Fit India Cycling Drive",Ram,"2025-06-23 18:00:20"
"Ankit Katiyar from sai",participant,"Fit India Cycling Drive",Ram,"2025-06-23 18:00:37"
"Ankit Katiyar from sai",participant,"Fit India Cycling Drive",Ram,"2025-06-23 18:00:46"
"Ankit Katiyar from sai",participant,"Fit India Cycling Drive",Ram,"2025-06-23 18:04:17"
"Ankit Katiyar from sai",participant,"Fit India Cycling Drive",Ram,"2025-06-23 18:04:56"
"Ankit Katiyar from sai",participant,"Fit India Cycling Drive",Ram,"2025-06-23 18:07:49"
"Ankit Katiyar from sai",participant,"Fit India Cycling Drive",Ram,"2025-06-23 18:08:51"
"Ankit Katiyar from sai",organiser,"Fit India Cycling Drive",,"2025-06-23 18:18:44"
"Ankit Katiyar from sai",organiser,"Fit India Cycling Drive",,"2025-06-24 10:14:37"
"Ankit Katiyar from sai",participant,"Fit India Cycling Drive",Vikas,"2025-06-24 10:15:46"
"Ankit Katiyar from sai",participant,"Fit India Cycling Drive",Vikas,"2025-06-24 10:16:31"
"Ankit Katiyar from sai",participant,"Fit India Cycling Drive",Vikas,"2025-06-24 10:17:05"
"Ankit Katiyar from sai",participant,"Fit India Cycling Drive",Vikas,"2025-06-24 10:18:17"
"Ankit Katiyar from sai",participant,"Fit India Cycling Drive",Vikas,"2025-06-24 10:18:38"
"Ankit Katiyar from sai",participant,"Fit India Cycling Drive",Vikas,"2025-06-24 10:19:20"
"Ankit Katiyar from sai",participant,"Fit India Cycling Drive",Vikas,"2025-06-24 10:19:57"
"Ankit Katiyar from sai",participant,"Fit India Cycling Drive",Vikas,"2025-06-24 10:20:22"
"Ankit Katiyar from sai",participant,"Fit India Cycling Drive",Vikas,"2025-06-24 10:31:12"
"Ankit Katiyar from sai",participant,"Fit India Cycling Drive",Vikas,"2025-06-24 10:35:52"
"Ankit Katiyar from sai",participant,"Fit India Cycling Drive",Vikas,"2025-06-24 10:36:56"
"Ankit Katiyar from sai",participant,"Fit India Cycling Drive",Vikas,"2025-06-24 10:38:51"
"Ankit Katiyar from sai",participant,"Fit India Cycling Drive",Vikas,"2025-06-24 10:39:05"
"Ankit Katiyar from sai",participant,"Fit India Cycling Drive",Vikas,"2025-06-24 10:39:53"
"Ankit Katiyar from sai",participant,"Fit India Cycling Drive",Vikas,"2025-06-24 10:40:06"
"Ankit Katiyar from sai",participant,"Fit India Cycling Drive",Vikas,"2025-06-24 10:41:03"
"Ankit Katiyar from sai",participant,"Fit India Cycling Drive",Vikas,"2025-06-24 10:41:44"
"Ankit Katiyar from sai",participant,"Fit India Cycling Drive",Vikas,"2025-06-24 10:42:00"
"Ankit Katiyar from sai",participant,"Fit India Cycling Drive",Vikas,"2025-06-24 10:42:46"
"Ankit Katiyar from sai",participant,"Fit India Cycling Drive",Vikas,"2025-06-24 10:43:04"
"Ankit Katiyar from sai",participant,"Fit India Cycling Drive",Vikas,"2025-06-24 10:43:19"
"Ankit Katiyar from sai",participant,"Fit India Cycling Drive",Vikas,"2025-06-24 10:46:46"
"Ankit Katiyar from sai",participant,"Fit India Cycling Drive",Vikas,"2025-06-24 10:47:19"
"Ankit Katiyar from sai",participant,"Fit India Cycling Drive",Vikas,"2025-06-24 10:47:39"
"Ankit Katiyar from sai",participant,"Fit India Cycling Drive",Vikas,"2025-06-24 10:47:55"
"Ankit Katiyar from sai",participant,"Fit India Cycling Drive",Vikas,"2025-06-24 10:48:31"
"Ankit Katiyar from sai",participant,"Fit India Cycling Drive",Vikas,"2025-06-24 10:48:58"
"Ankit Katiyar from sai",participant,"Fit India Cycling Drive",Vikas,"2025-06-24 10:49:16"
"Ankit Katiyar from sai",participant,"Fit India Cycling Drive",Vikas,"2025-06-24 10:49:34"
"Ankit Katiyar from sai",participant,"Fit India Cycling Drive",Vikas,"2025-06-24 10:49:51"
"Ankit Katiyar from sai",participant,"Fit India Cycling Drive",Vikas,"2025-06-24 10:50:05"
"Ankit Katiyar from sai",participant,"Fit India Cycling Drive",Vikas,"2025-06-24 10:50:31"
"Ankit Katiyar from sai",participant,"Fit India Cycling Drive",Vikas,"2025-06-24 10:51:10"
"Ankit Katiyar from sai",participant,"Fit India Cycling Drive",Vikas,"2025-06-24 10:51:33"
"Ankit Katiyar from sai",participant,"Fit India Cycling Drive",Vikas,"2025-06-24 10:51:55"
"Ankit Katiyar from sai",participant,"Fit India Cycling Drive",Vikas,"2025-06-24 10:52:32"
"Ankit Katiyar from sai",participant,"Fit India Cycling Drive",Vikas,"2025-06-24 10:52:51"
"Ankit Katiyar from sai",participant,"Fit India Cycling Drive",Vikas,"2025-06-24 10:53:01"
"Ankit Katiyar from sai",participant,"Fit India Cycling Drive",Vikas,"2025-06-24 10:53:38"
"Ankit Katiyar from sai",participant,"Fit India Cycling Drive",Vikas,"2025-06-24 10:54:27"
"Ankit Katiyar from sai",participant,"Fit India Cycling Drive",Vikas,"2025-06-24 10:55:15"
"Ankit Katiyar from sai",participant,"Fit India Cycling Drive",Vikas,"2025-06-24 10:55:41"
"Ankit Katiyar from sai",participant,"Fit India Cycling Drive",Vikas,"2025-06-24 10:58:43"
Fitindia,participant,"Fit India Cycling Drive",Vikas,"2025-06-24 10:59:38"
Fitindia,participant,"Fit India Cycling Drive",Vikas,"2025-06-24 11:00:40"
Fitindia,participant,"Fit India Cycling Drive",Vikas,"2025-06-24 11:04:53"
Fitindia,participant,"Fit India Cycling Drive",Vikas,"2025-06-24 11:05:42"
"Ankit Katiyar from sai",participant,"Fit India Cycling Drive",Vikas,"2025-06-24 11:06:38"
Fitindia,participant,"Namo Fit India Youth Club","Yash rajput","2025-06-24 11:14:48"
Fitindia,participant,"Namo Fit India Youth Club","Yash rajput","2025-06-24 11:22:40"
"Ankit Katiyar from sai",participant,"Fit India Cycling Drive",Vikas,"2025-06-24 11:23:14"
"Ankit Katiyar from sai",participant,"Fit India Cycling Drive",Vikas,"2025-06-24 11:25:58"
Fitindia,participant,"Namo Fit India Youth Club","Yash rajput","2025-06-24 11:26:06"
"Ankit Katiyar from sai",participant,"Fit India Cycling Drive",Vikas,"2025-06-24 11:38:35"
Fitindia,participant,"Namo Fit India Youth Club","Yash rajput","2025-06-24 11:38:59"
bunny,organiser,"Fit India Cycling Drive",,"2025-06-24 11:49:19"
bunny,organiser,"Fit India Cycling Drive",,"2025-06-24 11:52:58"
bunny,participant,"Fit India Cycling Drive",Hunny,"2025-06-24 11:54:00"
bunny,organiser,"Fit India Cycling Drive",,"2025-06-24 11:54:16"
bunny,organiser,"Fit India Cycling Drive",,"2025-06-24 12:01:49"
bunny,organiser,"Fit India Cycling Drive",,"2025-06-24 12:03:47"
bunny,organiser,"Fit India Cycling Drive",,"2025-06-24 12:05:09"
bunny,organiser,"Fit India Cycling Drive",,"2025-06-24 12:06:43"
bunny,organiser,"Fit India Cycling Drive",,"2025-06-24 12:07:22"
bunny,organiser,"Fit India Cycling Drive",,"2025-06-24 12:10:39"
bunny,organiser,"Fit India Cycling Drive",,"2025-06-24 12:11:46"
bunny,organiser,"Fit India Cycling Drive",,"2025-06-24 12:12:19"
bunny,organiser,"Fit India Cycling Drive",,"2025-06-24 12:31:41"
bunny,participant,"Fit India Cycling Drive",Hunny,"2025-06-24 12:31:59"
bunny,participant,"Fit India Cycling Drive",Fgggg,"2025-06-24 12:33:01"
raman,organiser,"Fit India Cycling Drive",,"2025-06-24 12:40:21"
raman,participant,"Fit India Cycling Drive",Raman,"2025-06-24 12:41:00"
raman,organiser,"Fit India Cycling Drive",,"2025-06-24 12:41:10"
raman,participant,"Fit India Cycling Drive",Raman,"2025-06-24 12:41:26"
raman,organiser,"Fit India Cycling Drive",,"2025-06-24 12:41:45"
raman,participant,"Fit India Cycling Drive",Raman,"2025-06-24 12:41:51"
raman,participant,"Fit India Cycling Drive",Avi,"2025-06-24 12:41:56"
raman,participant,"Fit India Cycling Drive",Avi,"2025-06-24 12:43:42"
raman,participant,"Fit India Cycling Drive",Avi,"2025-06-24 12:44:38"
raman,participant,"Fit India Cycling Drive",Avi,"2025-06-24 12:45:01"
raman,participant,"Fit India Cycling Drive",Raman,"2025-06-24 12:48:00"
raman,organiser,"Fit India Cycling Drive",,"2025-06-24 12:48:28"
raman,organiser,"Fit India Cycling Drive",,"2025-06-24 12:50:51"
funnn,organiser,"Namo Fit India Youth Club",,"2025-06-24 12:52:20"
funnn,participant,"Namo Fit India Youth Club",Test1,"2025-06-24 12:52:59"
funnn,organiser,"Namo Fit India Youth Club",,"2025-06-24 12:53:37"
puja,organiser,"Namo Fit India Club For Cycling",,"2025-06-24 12:54:28"
puja,organiser,"Namo Fit India Club For Cycling",,"2025-06-24 12:54:39"
puja,organiser,"Namo Fit India Club For Cycling",,"2025-06-24 12:54:56"
"Ankit Katiyar from sai",organiser,"Fit India Cycling Drive",,"2025-06-24 17:16:52"
"Ankit Katiyar from sai",participant,"Fit India Cycling Drive",Ram,"2025-06-24 17:17:07"
"Ankit Katiyar from sai",organiser,"Fit India Cycling Drive",,"2025-06-24 17:17:41"
"Ankit Katiyar from sai",participant,"Fit India Cycling Drive",Vikas,"2025-06-24 17:17:54"
"Ankit Katiyar from sai",organiser,"Fit India Cycling Drive",,"2025-06-27 15:15:42"
"Ankit Katiyar from sai",organiser,"Fit India Cycling Drive",,"2025-06-27 15:23:17"
"Ankit Katiyar from sai",organiser,"Fit India Cycling Drive",,"2025-06-27 15:24:19"
"Ankit Katiyar from sai",organiser,"Fit India Cycling Drive",,"2025-06-27 15:25:12"
"Ankit Katiyar from sai",participant,"Fit India Cycling Drive",Vikas,"2025-06-27 15:25:57"
"Ankit Katiyar from sai",organiser,"Fit India Cycling Drive",,"2025-06-27 15:28:44"
"Ankit Katiyar from sai",organiser,"Fit India Cycling Drive",,"2025-06-27 15:29:18"
"Ankit Katiyar from sai",organiser,"Fit India Cycling Drive",,"2025-06-27 15:29:27"
"Ankit Katiyar from sai",organiser,"Fit India Cycling Drive",,"2025-06-27 15:30:00"
"Ankit Katiyar from sai",organiser,"Fit India Cycling Drive",,"2025-06-27 15:30:31"
"Ankit Katiyar from sai",organiser,"Fit India Cycling Drive",,"2025-06-27 15:30:52"
"Ankit Katiyar from sai",organiser,"Fit India Cycling Drive",,"2025-06-27 15:31:20"
"Ankit Katiyar from sai",participant,"Fit India Cycling Drive",Vikas,"2025-06-27 15:37:00"
"Ankit Katiyar from sai",participant,"Fit India Cycling Drive",Vikas,"2025-06-27 15:37:24"
"Ankit Katiyar from sai",participant,"Fit India Cycling Drive",Vikas,"2025-06-27 15:37:53"
"Ankit Katiyar from sai",organiser,"Fit India Cycling Drive",,"2025-06-30 10:30:00"
"Ankit Katiyar from sai",participant,"Fit India Cycling Drive",Vikas,"2025-06-30 10:30:11"
"Ankit Katiyar from sai",organiser,"Fit India Cycling Drive",,"2025-06-30 10:31:00"
"Ankit Katiyar from sai",participant,"Fit India Cycling Drive",Vikas,"2025-06-30 10:31:21"
"Ankit Katiyar from sai",organiser,"Fit India Cycling Drive",,"2025-06-30 10:33:21"
"Ankit Katiyar from sai",participant,"Fit India Cycling Drive",Vikas,"2025-06-30 10:33:48"
"Ankit Katiyar from sai",organiser,"Fit India Cycling Drive",,"2025-06-30 10:35:49"
"Ankit Katiyar from sai",organiser,"Fit India Cycling Drive",,"2025-06-30 10:36:30"
"Ankit Katiyar from sai",organiser,"Fit India Cycling Drive",,"2025-06-30 10:37:06"
"Ankit Katiyar from sai",organiser,"Fit India Cycling Drive",,"2025-06-30 10:38:05"
"Ankit Katiyar from sai",organiser,"Fit India Cycling Drive",,"2025-06-30 10:38:39"
"Ankit Katiyar from sai",organiser,"Fit India Cycling Drive",,"2025-06-30 10:39:08"
"Ankit Katiyar from sai",organiser,"Fit India Cycling Drive",,"2025-06-30 10:39:41"
"Ankit Katiyar from sai",organiser,"Fit India Cycling Drive",,"2025-06-30 10:40:09"
"Ankit Katiyar from sai",organiser,"Fit India Cycling Drive",,"2025-06-30 10:41:01"
"Ankit Katiyar from sai",organiser,"Fit India Cycling Drive",,"2025-06-30 10:41:40"
"Ankit Katiyar from sai",organiser,"Fit India Cycling Drive",,"2025-06-30 10:41:57"
"Ankit Katiyar from sai",organiser,"Fit India Cycling Drive",,"2025-06-30 10:42:16"
"Ankit Katiyar from sai",organiser,"Fit India Cycling Drive",,"2025-06-30 10:43:03"
"Ankit Katiyar from sai",organiser,"Fit India Cycling Drive",,"2025-06-30 10:44:19"
"Ankit Katiyar from sai",organiser,"Fit India Cycling Drive",,"2025-06-30 10:44:50"
"Ankit Katiyar from sai",organiser,"Fit India Cycling Drive",,"2025-06-30 10:45:14"
"Ankit Katiyar from sai",organiser,"Fit India Cycling Drive",,"2025-06-30 10:45:37"
"Ankit Katiyar from sai",participant,"Fit India Cycling Drive",Vikas,"2025-06-30 10:46:29"
"Ankit Katiyar from sai",participant,"Fit India Cycling Drive",Vikas,"2025-06-30 10:47:56"
"Ankit Katiyar from sai",participant,"Fit India Cycling Drive",Vikas,"2025-06-30 10:53:00"
"Ankit Katiyar from sai",participant,"Fit India Cycling Drive",Vikas,"2025-06-30 10:54:13"
"Ankit Katiyar from sai",participant,"Fit India Cycling Drive",Vikas,"2025-06-30 10:55:30"
"Ankit Katiyar from sai",organiser,"Fit India Cycling Drive",,"2025-06-30 10:56:09"
"Ankit Katiyar from sai",participant,"Fit India Cycling Drive",Vikas,"2025-06-30 10:56:20"
"Ankit Katiyar from sai",participant,"Fit India Cycling Drive",Vikas,"2025-06-30 10:56:49"
"Ankit Katiyar from sai",participant,"Fit India Cycling Drive",Vikas,"2025-06-30 10:58:28"
"Ankit Katiyar from sai",participant,"Fit India Cycling Drive",Vikas,"2025-06-30 10:59:06"
"Ankit Katiyar from sai",organiser,"Fit India Cycling Drive",,"2025-06-30 10:59:59"
"Ankit Katiyar from sai",organiser,"Fit India Cycling Drive",,"2025-06-30 11:00:31"
"Ankit Katiyar from sai",organiser,"Fit India Cycling Drive",,"2025-06-30 11:00:56"
"Ankit Katiyar from sai",participant,"Fit India Cycling Drive",Vikas,"2025-06-30 11:07:38"
"Ankit Katiyar from sai",participant,"Fit India Cycling Drive",Vikas,"2025-06-30 11:09:08"
"Ankit Katiyar from sai",participant,"Fit India Cycling Drive",Vikas,"2025-06-30 11:09:49"
"Ankit Katiyar from sai",participant,"Fit India Cycling Drive",Vikas,"2025-06-30 11:10:13"
"Ankit Katiyar from sai",participant,"Fit India Cycling Drive",Vikas,"2025-06-30 11:10:30"
"Ankit Katiyar from sai",participant,"Fit India Cycling Drive",Vikas,"2025-06-30 11:10:48"
"Ankit Katiyar from sai",organiser,"Fit India Cycling Drive",,"2025-06-30 11:14:48"
"Ankit Katiyar from sai",participant,"Fit India Cycling Drive",Vikas,"2025-06-30 11:14:54"
"Ankit Katiyar from sai",organiser,"Fit India Cycling Drive",,"2025-06-30 11:17:29"
"Ankit Katiyar from sai",organiser,"Fit India Cycling Drive",,"2025-06-30 11:17:45"
"Ankit Katiyar from sai",organiser,"Fit India Cycling Drive",,"2025-06-30 11:18:08"
"Ankit Katiyar from sai",organiser,"Fit India Cycling Drive",,"2025-06-30 11:18:29"
"Ankit Katiyar from sai",organiser,"Fit India Cycling Drive",,"2025-06-30 11:18:59"
"Ankit Katiyar from sai",organiser,"Fit India Cycling Drive",,"2025-06-30 11:19:22"
"Ankit Katiyar from sai",organiser,"Fit India Cycling Drive",,"2025-06-30 11:19:37"
"Ankit Katiyar from sai",organiser,"Fit India Cycling Drive",,"2025-06-30 11:19:59"
"Ankit Katiyar from sai",participant,"Fit India Cycling Drive",Vikas,"2025-06-30 11:21:02"
"Ankit Katiyar from sai",participant,"Fit India Cycling Drive",Vikas,"2025-06-30 11:21:26"
"Ankit Katiyar from sai",participant,"Fit India Cycling Drive",Vikas,"2025-06-30 11:21:45"
"Ankit Katiyar from sai",organiser,"Fit India Cycling Drive",,"2025-06-30 11:23:26"
"Ankit Katiyar from sai",participant,"Fit India Cycling Drive",Vikas,"2025-06-30 11:23:35"
